alert_id,alert_type,acct_id,acct_name,is_sar,model_id,start,end,schedule_id,bank_id
0,fan_in,827,827,True,2,0,1000000,2,bank
0,fan_in,11272,11272,True,2,0,1000000,2,bank
0,fan_in,3839,3839,True,2,0,1000000,2,bank
0,fan_in,2146,2146,True,2,0,1000000,2,bank
0,fan_in,8913,8913,True,2,0,1000000,2,bank
0,fan_in,6076,6076,True,2,0,1000000,2,bank
0,fan_in,2323,2323,True,2,0,1000000,2,bank
0,fan_in,3949,3949,True,2,0,1000000,2,bank
0,fan_in,6420,6420,True,2,0,1000000,2,bank
0,fan_in,7134,7134,True,2,0,1000000,2,bank
1,fan_in,63,63,True,2,0,1000000,2,bank
1,fan_in,7539,7539,True,2,0,1000000,2,bank
1,fan_in,4593,4593,True,2,0,1000000,2,bank
1,fan_in,5857,5857,True,2,0,1000000,2,bank
1,fan_in,6833,6833,True,2,0,1000000,2,bank
1,fan_in,2291,2291,True,2,0,1000000,2,bank
1,fan_in,5801,5801,True,2,0,1000000,2,bank
2,fan_in,82,82,True,2,0,1000000,2,bank
2,fan_in,1794,1794,True,2,0,1000000,2,bank
2,fan_in,7792,7792,True,2,0,1000000,2,bank
2,fan_in,6520,6520,True,2,0,1000000,2,bank
2,fan_in,5574,5574,True,2,0,1000000,2,bank
2,fan_in,6754,6754,True,2,0,1000000,2,bank
2,fan_in,790,790,True,2,0,1000000,2,bank
3,fan_in,349,349,True,2,0,1000000,2,bank
3,fan_in,847,847,True,2,0,1000000,2,bank
3,fan_in,5324,5324,True,2,0,1000000,2,bank
3,fan_in,8417,8417,True,2,0,1000000,2,bank
3,fan_in,10503,10503,True,2,0,1000000,2,bank
3,fan_in,1067,1067,True,2,0,1000000,2,bank
3,fan_in,655,655,True,2,0,1000000,2,bank
3,fan_in,3120,3120,True,2,0,1000000,2,bank
4,fan_in,1393,1393,True,2,0,1000000,2,bank
4,fan_in,853,853,True,2,0,1000000,2,bank
4,fan_in,9298,9298,True,2,0,1000000,2,bank
4,fan_in,9140,9140,True,2,0,1000000,2,bank
4,fan_in,2208,2208,True,2,0,1000000,2,bank
4,fan_in,9395,9395,True,2,0,1000000,2,bank
4,fan_in,12010,12010,True,2,0,1000000,2,bank
4,fan_in,7073,7073,True,2,0,1000000,2,bank
5,fan_in,334,334,True,2,0,1000000,2,bank
5,fan_in,7882,7882,True,2,0,1000000,2,bank
5,fan_in,1212,1212,True,2,0,1000000,2,bank
5,fan_in,4805,4805,True,2,0,1000000,2,bank
5,fan_in,5762,5762,True,2,0,1000000,2,bank
5,fan_in,9246,9246,True,2,0,1000000,2,bank
5,fan_in,1054,1054,True,2,0,1000000,2,bank
5,fan_in,5409,5409,True,2,0,1000000,2,bank
5,fan_in,5426,5426,True,2,0,1000000,2,bank
5,fan_in,258,258,True,2,0,1000000,2,bank
6,fan_in,453,453,True,2,0,1000000,2,bank
6,fan_in,2226,2226,True,2,0,1000000,2,bank
6,fan_in,5914,5914,True,2,0,1000000,2,bank
6,fan_in,331,331,True,2,0,1000000,2,bank
6,fan_in,7281,7281,True,2,0,1000000,2,bank
7,fan_in,745,745,True,2,0,1000000,2,bank
7,fan_in,5894,5894,True,2,0,1000000,2,bank
7,fan_in,10710,10710,True,2,0,1000000,2,bank
7,fan_in,9494,9494,True,2,0,1000000,2,bank
7,fan_in,2967,2967,True,2,0,1000000,2,bank
7,fan_in,8526,8526,True,2,0,1000000,2,bank
7,fan_in,8055,8055,True,2,0,1000000,2,bank
7,fan_in,11654,11654,True,2,0,1000000,2,bank
7,fan_in,4818,4818,True,2,0,1000000,2,bank
8,fan_in,1699,1699,True,2,0,1000000,2,bank
8,fan_in,2406,2406,True,2,0,1000000,2,bank
8,fan_in,11777,11777,True,2,0,1000000,2,bank
8,fan_in,5638,5638,True,2,0,1000000,2,bank
8,fan_in,9397,9397,True,2,0,1000000,2,bank
8,fan_in,4194,4194,True,2,0,1000000,2,bank
8,fan_in,7609,7609,True,2,0,1000000,2,bank
9,fan_in,1126,1126,True,2,0,1000000,2,bank
9,fan_in,3561,3561,True,2,0,1000000,2,bank
9,fan_in,2798,2798,True,2,0,1000000,2,bank
9,fan_in,7801,7801,True,2,0,1000000,2,bank
9,fan_in,5669,5669,True,2,0,1000000,2,bank
9,fan_in,6066,6066,True,2,0,1000000,2,bank
9,fan_in,11146,11146,True,2,0,1000000,2,bank
10,fan_in,1135,1135,True,2,0,1000000,2,bank
10,fan_in,36,36,True,2,0,1000000,2,bank
10,fan_in,11928,11928,True,2,0,1000000,2,bank
10,fan_in,4128,4128,True,2,0,1000000,2,bank
10,fan_in,11244,11244,True,2,0,1000000,2,bank
10,fan_in,2584,2584,True,2,0,1000000,2,bank
10,fan_in,8869,8869,True,2,0,1000000,2,bank
11,fan_in,740,740,True,2,0,1000000,2,bank
11,fan_in,7432,7432,True,2,0,1000000,2,bank
11,fan_in,9030,9030,True,2,0,1000000,2,bank
11,fan_in,4682,4682,True,2,0,1000000,2,bank
11,fan_in,1696,1696,True,2,0,1000000,2,bank
11,fan_in,1623,1623,True,2,0,1000000,2,bank
11,fan_in,902,902,True,2,0,1000000,2,bank
11,fan_in,2319,2319,True,2,0,1000000,2,bank
11,fan_in,7585,7585,True,2,0,1000000,2,bank
12,fan_in,1085,1085,True,2,0,1000000,2,bank
12,fan_in,1140,1140,True,2,0,1000000,2,bank
12,fan_in,11287,11287,True,2,0,1000000,2,bank
12,fan_in,4907,4907,True,2,0,1000000,2,bank
12,fan_in,11070,11070,True,2,0,1000000,2,bank
13,fan_in,41,41,True,2,0,1000000,2,bank
13,fan_in,9400,9400,True,2,0,1000000,2,bank
13,fan_in,3503,3503,True,2,0,1000000,2,bank
13,fan_in,1023,1023,True,2,0,1000000,2,bank
13,fan_in,4628,4628,True,2,0,1000000,2,bank
13,fan_in,5388,5388,True,2,0,1000000,2,bank
13,fan_in,5316,5316,True,2,0,1000000,2,bank
13,fan_in,5226,5226,True,2,0,1000000,2,bank
13,fan_in,5814,5814,True,2,0,1000000,2,bank
14,fan_in,541,541,True,2,0,1000000,2,bank
14,fan_in,6805,6805,True,2,0,1000000,2,bank
14,fan_in,4958,4958,True,2,0,1000000,2,bank
14,fan_in,854,854,True,2,0,1000000,2,bank
14,fan_in,11623,11623,True,2,0,1000000,2,bank
14,fan_in,3586,3586,True,2,0,1000000,2,bank
14,fan_in,9946,9946,True,2,0,1000000,2,bank
14,fan_in,1543,1543,True,2,0,1000000,2,bank
15,fan_in,329,329,True,2,0,1000000,2,bank
15,fan_in,9774,9774,True,2,0,1000000,2,bank
15,fan_in,3412,3412,True,2,0,1000000,2,bank
15,fan_in,4820,4820,True,2,0,1000000,2,bank
15,fan_in,736,736,True,2,0,1000000,2,bank
15,fan_in,2912,2912,True,2,0,1000000,2,bank
15,fan_in,6437,6437,True,2,0,1000000,2,bank
15,fan_in,8585,8585,True,2,0,1000000,2,bank
16,fan_in,675,675,True,2,0,1000000,2,bank
16,fan_in,8320,8320,True,2,0,1000000,2,bank
16,fan_in,7029,7029,True,2,0,1000000,2,bank
16,fan_in,2766,2766,True,2,0,1000000,2,bank
16,fan_in,9803,9803,True,2,0,1000000,2,bank
16,fan_in,11649,11649,True,2,0,1000000,2,bank
17,fan_in,69,69,True,2,0,1000000,2,bank
17,fan_in,2623,2623,True,2,0,1000000,2,bank
17,fan_in,4357,4357,True,2,0,1000000,2,bank
17,fan_in,2313,2313,True,2,0,1000000,2,bank
17,fan_in,6126,6126,True,2,0,1000000,2,bank
18,fan_in,48,48,True,2,0,1000000,2,bank
18,fan_in,10870,10870,True,2,0,1000000,2,bank
18,fan_in,2771,2771,True,2,0,1000000,2,bank
18,fan_in,6630,6630,True,2,0,1000000,2,bank
18,fan_in,7015,7015,True,2,0,1000000,2,bank
18,fan_in,4241,4241,True,2,0,1000000,2,bank
18,fan_in,5675,5675,True,2,0,1000000,2,bank
18,fan_in,3249,3249,True,2,0,1000000,2,bank
18,fan_in,436,436,True,2,0,1000000,2,bank
19,fan_in,618,618,True,2,0,1000000,2,bank
19,fan_in,6715,6715,True,2,0,1000000,2,bank
19,fan_in,7968,7968,True,2,0,1000000,2,bank
19,fan_in,11786,11786,True,2,0,1000000,2,bank
19,fan_in,2121,2121,True,2,0,1000000,2,bank
19,fan_in,7969,7969,True,2,0,1000000,2,bank
19,fan_in,3976,3976,True,2,0,1000000,2,bank
20,fan_out,257,257,True,1,0,1000000,2,bank
20,fan_out,11944,11944,True,1,0,1000000,2,bank
20,fan_out,4729,4729,True,1,0,1000000,2,bank
20,fan_out,5096,5096,True,1,0,1000000,2,bank
20,fan_out,470,470,True,1,0,1000000,2,bank
20,fan_out,552,552,True,1,0,1000000,2,bank
20,fan_out,5195,5195,True,1,0,1000000,2,bank
20,fan_out,3295,3295,True,1,0,1000000,2,bank
21,fan_out,748,748,True,1,0,1000000,2,bank
21,fan_out,3086,3086,True,1,0,1000000,2,bank
21,fan_out,371,371,True,1,0,1000000,2,bank
21,fan_out,10031,10031,True,1,0,1000000,2,bank
21,fan_out,386,386,True,1,0,1000000,2,bank
21,fan_out,1050,1050,True,1,0,1000000,2,bank
21,fan_out,1020,1020,True,1,0,1000000,2,bank
21,fan_out,957,957,True,1,0,1000000,2,bank
22,fan_out,245,245,True,1,0,1000000,2,bank
22,fan_out,5788,5788,True,1,0,1000000,2,bank
22,fan_out,10596,10596,True,1,0,1000000,2,bank
22,fan_out,5961,5961,True,1,0,1000000,2,bank
22,fan_out,6235,6235,True,1,0,1000000,2,bank
22,fan_out,9266,9266,True,1,0,1000000,2,bank
22,fan_out,6234,6234,True,1,0,1000000,2,bank
22,fan_out,5407,5407,True,1,0,1000000,2,bank
22,fan_out,3803,3803,True,1,0,1000000,2,bank
22,fan_out,9447,9447,True,1,0,1000000,2,bank
23,fan_out,501,501,True,1,0,1000000,2,bank
23,fan_out,4552,4552,True,1,0,1000000,2,bank
23,fan_out,6293,6293,True,1,0,1000000,2,bank
23,fan_out,9694,9694,True,1,0,1000000,2,bank
23,fan_out,7192,7192,True,1,0,1000000,2,bank
23,fan_out,8059,8059,True,1,0,1000000,2,bank
24,fan_out,581,581,True,1,0,1000000,2,bank
24,fan_out,2553,2553,True,1,0,1000000,2,bank
24,fan_out,7786,7786,True,1,0,1000000,2,bank
24,fan_out,5702,5702,True,1,0,1000000,2,bank
24,fan_out,7166,7166,True,1,0,1000000,2,bank
24,fan_out,8109,8109,True,1,0,1000000,2,bank
25,fan_out,1121,1121,True,1,0,1000000,2,bank
25,fan_out,11835,11835,True,1,0,1000000,2,bank
25,fan_out,1411,1411,True,1,0,1000000,2,bank
25,fan_out,8343,8343,True,1,0,1000000,2,bank
25,fan_out,8512,8512,True,1,0,1000000,2,bank
25,fan_out,6185,6185,True,1,0,1000000,2,bank
25,fan_out,7771,7771,True,1,0,1000000,2,bank
25,fan_out,4225,4225,True,1,0,1000000,2,bank
25,fan_out,6562,6562,True,1,0,1000000,2,bank
26,fan_out,1681,1681,True,1,0,1000000,2,bank
26,fan_out,730,730,True,1,0,1000000,2,bank
26,fan_out,9013,9013,True,1,0,1000000,2,bank
26,fan_out,10272,10272,True,1,0,1000000,2,bank
26,fan_out,6555,6555,True,1,0,1000000,2,bank
26,fan_out,1867,1867,True,1,0,1000000,2,bank
26,fan_out,10698,10698,True,1,0,1000000,2,bank
26,fan_out,11159,11159,True,1,0,1000000,2,bank
26,fan_out,6151,6151,True,1,0,1000000,2,bank
27,fan_out,291,291,True,1,0,1000000,2,bank
27,fan_out,11205,11205,True,1,0,1000000,2,bank
27,fan_out,3792,3792,True,1,0,1000000,2,bank
27,fan_out,377,377,True,1,0,1000000,2,bank
27,fan_out,114,114,True,1,0,1000000,2,bank
27,fan_out,455,455,True,1,0,1000000,2,bank
27,fan_out,10599,10599,True,1,0,1000000,2,bank
27,fan_out,7102,7102,True,1,0,1000000,2,bank
28,fan_out,316,316,True,1,0,1000000,2,bank
28,fan_out,10462,10462,True,1,0,1000000,2,bank
28,fan_out,8629,8629,True,1,0,1000000,2,bank
28,fan_out,6309,6309,True,1,0,1000000,2,bank
28,fan_out,5169,5169,True,1,0,1000000,2,bank
29,fan_out,189,189,True,1,0,1000000,2,bank
29,fan_out,6033,6033,True,1,0,1000000,2,bank
29,fan_out,11301,11301,True,1,0,1000000,2,bank
29,fan_out,10722,10722,True,1,0,1000000,2,bank
29,fan_out,2736,2736,True,1,0,1000000,2,bank
29,fan_out,322,322,True,1,0,1000000,2,bank
29,fan_out,7817,7817,True,1,0,1000000,2,bank
29,fan_out,8397,8397,True,1,0,1000000,2,bank
29,fan_out,1492,1492,True,1,0,1000000,2,bank
29,fan_out,3089,3089,True,1,0,1000000,2,bank
30,fan_out,1108,1108,True,1,0,1000000,2,bank
30,fan_out,10667,10667,True,1,0,1000000,2,bank
30,fan_out,3237,3237,True,1,0,1000000,2,bank
30,fan_out,435,435,True,1,0,1000000,2,bank
30,fan_out,4120,4120,True,1,0,1000000,2,bank
30,fan_out,9042,9042,True,1,0,1000000,2,bank
30,fan_out,2057,2057,True,1,0,1000000,2,bank
30,fan_out,5201,5201,True,1,0,1000000,2,bank
30,fan_out,3836,3836,True,1,0,1000000,2,bank
30,fan_out,4657,4657,True,1,0,1000000,2,bank
31,fan_out,608,608,True,1,0,1000000,2,bank
31,fan_out,3760,3760,True,1,0,1000000,2,bank
31,fan_out,7883,7883,True,1,0,1000000,2,bank
31,fan_out,5826,5826,True,1,0,1000000,2,bank
31,fan_out,3420,3420,True,1,0,1000000,2,bank
31,fan_out,9158,9158,True,1,0,1000000,2,bank
31,fan_out,6407,6407,True,1,0,1000000,2,bank
31,fan_out,6410,6410,True,1,0,1000000,2,bank
31,fan_out,5865,5865,True,1,0,1000000,2,bank
31,fan_out,10569,10569,True,1,0,1000000,2,bank
32,fan_out,152,152,True,1,0,1000000,2,bank
32,fan_out,3771,3771,True,1,0,1000000,2,bank
32,fan_out,11436,11436,True,1,0,1000000,2,bank
32,fan_out,721,721,True,1,0,1000000,2,bank
32,fan_out,57,57,True,1,0,1000000,2,bank
32,fan_out,5264,5264,True,1,0,1000000,2,bank
33,fan_out,649,649,True,1,0,1000000,2,bank
33,fan_out,8624,8624,True,1,0,1000000,2,bank
33,fan_out,4345,4345,True,1,0,1000000,2,bank
33,fan_out,662,662,True,1,0,1000000,2,bank
33,fan_out,9728,9728,True,1,0,1000000,2,bank
33,fan_out,3424,3424,True,1,0,1000000,2,bank
33,fan_out,4009,4009,True,1,0,1000000,2,bank
33,fan_out,3798,3798,True,1,0,1000000,2,bank
33,fan_out,3519,3519,True,1,0,1000000,2,bank
34,fan_out,1497,1497,True,1,0,1000000,2,bank
34,fan_out,9823,9823,True,1,0,1000000,2,bank
34,fan_out,6364,6364,True,1,0,1000000,2,bank
34,fan_out,9999,9999,True,1,0,1000000,2,bank
34,fan_out,5481,5481,True,1,0,1000000,2,bank
35,fan_out,591,591,True,1,0,1000000,2,bank
35,fan_out,9545,9545,True,1,0,1000000,2,bank
35,fan_out,4148,4148,True,1,0,1000000,2,bank
35,fan_out,11353,11353,True,1,0,1000000,2,bank
35,fan_out,6039,6039,True,1,0,1000000,2,bank
35,fan_out,12040,12040,True,1,0,1000000,2,bank
35,fan_out,4303,4303,True,1,0,1000000,2,bank
35,fan_out,8375,8375,True,1,0,1000000,2,bank
36,fan_out,851,851,True,1,0,1000000,2,bank
36,fan_out,4607,4607,True,1,0,1000000,2,bank
36,fan_out,6215,6215,True,1,0,1000000,2,bank
36,fan_out,7425,7425,True,1,0,1000000,2,bank
36,fan_out,3583,3583,True,1,0,1000000,2,bank
36,fan_out,10481,10481,True,1,0,1000000,2,bank
37,fan_out,409,409,True,1,0,1000000,2,bank
37,fan_out,3837,3837,True,1,0,1000000,2,bank
37,fan_out,6360,6360,True,1,0,1000000,2,bank
37,fan_out,3246,3246,True,1,0,1000000,2,bank
37,fan_out,3619,3619,True,1,0,1000000,2,bank
37,fan_out,8061,8061,True,1,0,1000000,2,bank
37,fan_out,1490,1490,True,1,0,1000000,2,bank
37,fan_out,11120,11120,True,1,0,1000000,2,bank
37,fan_out,10770,10770,True,1,0,1000000,2,bank
38,fan_out,1658,1658,True,1,0,1000000,2,bank
38,fan_out,1940,1940,True,1,0,1000000,2,bank
38,fan_out,4389,4389,True,1,0,1000000,2,bank
38,fan_out,6267,6267,True,1,0,1000000,2,bank
38,fan_out,3403,3403,True,1,0,1000000,2,bank
38,fan_out,8201,8201,True,1,0,1000000,2,bank
38,fan_out,11537,11537,True,1,0,1000000,2,bank
38,fan_out,1795,1795,True,1,0,1000000,2,bank
39,fan_out,1655,1655,True,1,0,1000000,2,bank
39,fan_out,4091,4091,True,1,0,1000000,2,bank
39,fan_out,2249,2249,True,1,0,1000000,2,bank
39,fan_out,10680,10680,True,1,0,1000000,2,bank
39,fan_out,875,875,True,1,0,1000000,2,bank
39,fan_out,121,121,True,1,0,1000000,2,bank
40,cycle,606,606,True,3,0,1000000,2,bank
40,cycle,726,726,True,3,0,1000000,2,bank
40,cycle,10509,10509,True,3,0,1000000,2,bank
40,cycle,1024,1024,True,3,0,1000000,2,bank
40,cycle,6494,6494,True,3,0,1000000,2,bank
41,cycle,1680,1680,True,3,0,1000000,2,bank
41,cycle,4807,4807,True,3,0,1000000,2,bank
41,cycle,7332,7332,True,3,0,1000000,2,bank
41,cycle,9668,9668,True,3,0,1000000,2,bank
41,cycle,9432,9432,True,3,0,1000000,2,bank
41,cycle,10991,10991,True,3,0,1000000,2,bank
41,cycle,4540,4540,True,3,0,1000000,2,bank
41,cycle,967,967,True,3,0,1000000,2,bank
41,cycle,3557,3557,True,3,0,1000000,2,bank
41,cycle,4629,4629,True,3,0,1000000,2,bank
42,cycle,752,752,True,3,0,1000000,2,bank
42,cycle,19,19,True,3,0,1000000,2,bank
42,cycle,3039,3039,True,3,0,1000000,2,bank
42,cycle,2804,2804,True,3,0,1000000,2,bank
42,cycle,10573,10573,True,3,0,1000000,2,bank
42,cycle,9080,9080,True,3,0,1000000,2,bank
42,cycle,8747,8747,True,3,0,1000000,2,bank
42,cycle,166,166,True,3,0,1000000,2,bank
42,cycle,11716,11716,True,3,0,1000000,2,bank
43,cycle,414,414,True,3,0,1000000,2,bank
43,cycle,2830,2830,True,3,0,1000000,2,bank
43,cycle,9466,9466,True,3,0,1000000,2,bank
43,cycle,4305,4305,True,3,0,1000000,2,bank
43,cycle,11667,11667,True,3,0,1000000,2,bank
43,cycle,8751,8751,True,3,0,1000000,2,bank
43,cycle,8448,8448,True,3,0,1000000,2,bank
43,cycle,4895,4895,True,3,0,1000000,2,bank
44,cycle,73,73,True,3,0,1000000,2,bank
44,cycle,2504,2504,True,3,0,1000000,2,bank
44,cycle,11410,11410,True,3,0,1000000,2,bank
44,cycle,3156,3156,True,3,0,1000000,2,bank
44,cycle,6219,6219,True,3,0,1000000,2,bank
44,cycle,1547,1547,True,3,0,1000000,2,bank
44,cycle,8924,8924,True,3,0,1000000,2,bank
44,cycle,6504,6504,True,3,0,1000000,2,bank
44,cycle,2631,2631,True,3,0,1000000,2,bank
44,cycle,3375,3375,True,3,0,1000000,2,bank
45,cycle,872,872,True,3,0,1000000,2,bank
45,cycle,7494,7494,True,3,0,1000000,2,bank
45,cycle,9329,9329,True,3,0,1000000,2,bank
45,cycle,4815,4815,True,3,0,1000000,2,bank
45,cycle,10511,10511,True,3,0,1000000,2,bank
45,cycle,11693,11693,True,3,0,1000000,2,bank
45,cycle,3434,3434,True,3,0,1000000,2,bank
45,cycle,2950,2950,True,3,0,1000000,2,bank
45,cycle,6114,6114,True,3,0,1000000,2,bank
45,cycle,11290,11290,True,3,0,1000000,2,bank
46,cycle,879,879,True,3,0,1000000,2,bank
46,cycle,225,225,True,3,0,1000000,2,bank
46,cycle,4518,4518,True,3,0,1000000,2,bank
46,cycle,8434,8434,True,3,0,1000000,2,bank
46,cycle,9375,9375,True,3,0,1000000,2,bank
46,cycle,9148,9148,True,3,0,1000000,2,bank
46,cycle,1846,1846,True,3,0,1000000,2,bank
46,cycle,2582,2582,True,3,0,1000000,2,bank
46,cycle,1142,1142,True,3,0,1000000,2,bank
46,cycle,10455,10455,True,3,0,1000000,2,bank
47,cycle,787,787,True,3,0,1000000,2,bank
47,cycle,1418,1418,True,3,0,1000000,2,bank
47,cycle,6371,6371,True,3,0,1000000,2,bank
47,cycle,5239,5239,True,3,0,1000000,2,bank
47,cycle,8110,8110,True,3,0,1000000,2,bank
47,cycle,6818,6818,True,3,0,1000000,2,bank
48,cycle,199,199,True,3,0,1000000,2,bank
48,cycle,9945,9945,True,3,0,1000000,2,bank
48,cycle,10535,10535,True,3,0,1000000,2,bank
48,cycle,3444,3444,True,3,0,1000000,2,bank
48,cycle,6427,6427,True,3,0,1000000,2,bank
48,cycle,11575,11575,True,3,0,1000000,2,bank
48,cycle,5090,5090,True,3,0,1000000,2,bank
48,cycle,4992,4992,True,3,0,1000000,2,bank
48,cycle,5976,5976,True,3,0,1000000,2,bank
49,cycle,1424,1424,True,3,0,1000000,2,bank
49,cycle,7832,7832,True,3,0,1000000,2,bank
49,cycle,10328,10328,True,3,0,1000000,2,bank
49,cycle,5664,5664,True,3,0,1000000,2,bank
49,cycle,7756,7756,True,3,0,1000000,2,bank
49,cycle,10706,10706,True,3,0,1000000,2,bank
49,cycle,10169,10169,True,3,0,1000000,2,bank
49,cycle,8176,8176,True,3,0,1000000,2,bank
49,cycle,3423,3423,True,3,0,1000000,2,bank
49,cycle,5350,5350,True,3,0,1000000,2,bank
50,cycle,795,795,True,3,0,1000000,2,bank
50,cycle,1973,1973,True,3,0,1000000,2,bank
50,cycle,4137,4137,True,3,0,1000000,2,bank
50,cycle,7250,7250,True,3,0,1000000,2,bank
50,cycle,10859,10859,True,3,0,1000000,2,bank
51,cycle,579,579,True,3,0,1000000,2,bank
51,cycle,2932,2932,True,3,0,1000000,2,bank
51,cycle,1359,1359,True,3,0,1000000,2,bank
51,cycle,11072,11072,True,3,0,1000000,2,bank
51,cycle,7749,7749,True,3,0,1000000,2,bank
51,cycle,12020,12020,True,3,0,1000000,2,bank
51,cycle,11492,11492,True,3,0,1000000,2,bank
51,cycle,939,939,True,3,0,1000000,2,bank
51,cycle,3077,3077,True,3,0,1000000,2,bank
52,cycle,1682,1682,True,3,0,1000000,2,bank
52,cycle,6676,6676,True,3,0,1000000,2,bank
52,cycle,10248,10248,True,3,0,1000000,2,bank
52,cycle,10050,10050,True,3,0,1000000,2,bank
52,cycle,9443,9443,True,3,0,1000000,2,bank
52,cycle,2876,2876,True,3,0,1000000,2,bank
52,cycle,10382,10382,True,3,0,1000000,2,bank
52,cycle,1959,1959,True,3,0,1000000,2,bank
52,cycle,406,406,True,3,0,1000000,2,bank
53,cycle,433,433,True,3,0,1000000,2,bank
53,cycle,11503,11503,True,3,0,1000000,2,bank
53,cycle,7745,7745,True,3,0,1000000,2,bank
53,cycle,5745,5745,True,3,0,1000000,2,bank
53,cycle,11746,11746,True,3,0,1000000,2,bank
53,cycle,4028,4028,True,3,0,1000000,2,bank
53,cycle,11079,11079,True,3,0,1000000,2,bank
53,cycle,5464,5464,True,3,0,1000000,2,bank
54,cycle,211,211,True,3,0,1000000,2,bank
54,cycle,2373,2373,True,3,0,1000000,2,bank
54,cycle,10266,10266,True,3,0,1000000,2,bank
54,cycle,1928,1928,True,3,0,1000000,2,bank
54,cycle,5735,5735,True,3,0,1000000,2,bank
54,cycle,7790,7790,True,3,0,1000000,2,bank
54,cycle,3753,3753,True,3,0,1000000,2,bank
55,cycle,1487,1487,True,3,0,1000000,2,bank
55,cycle,7260,7260,True,3,0,1000000,2,bank
55,cycle,5884,5884,True,3,0,1000000,2,bank
55,cycle,392,392,True,3,0,1000000,2,bank
55,cycle,3118,3118,True,3,0,1000000,2,bank
55,cycle,1905,1905,True,3,0,1000000,2,bank
56,cycle,347,347,True,3,0,1000000,2,bank
56,cycle,6211,6211,True,3,0,1000000,2,bank
56,cycle,2858,2858,True,3,0,1000000,2,bank
56,cycle,3870,3870,True,3,0,1000000,2,bank
56,cycle,8406,8406,True,3,0,1000000,2,bank
56,cycle,5402,5402,True,3,0,1000000,2,bank
56,cycle,6071,6071,True,3,0,1000000,2,bank
56,cycle,7966,7966,True,3,0,1000000,2,bank
56,cycle,9959,9959,True,3,0,1000000,2,bank
56,cycle,3596,3596,True,3,0,1000000,2,bank
57,cycle,1673,1673,True,3,0,1000000,2,bank
57,cycle,9560,9560,True,3,0,1000000,2,bank
57,cycle,2398,2398,True,3,0,1000000,2,bank
57,cycle,8580,8580,True,3,0,1000000,2,bank
57,cycle,4359,4359,True,3,0,1000000,2,bank
57,cycle,6225,6225,True,3,0,1000000,2,bank
57,cycle,9775,9775,True,3,0,1000000,2,bank
57,cycle,8062,8062,True,3,0,1000000,2,bank
57,cycle,6129,6129,True,3,0,1000000,2,bank
57,cycle,11822,11822,True,3,0,1000000,2,bank
58,cycle,399,399,True,3,0,1000000,2,bank
58,cycle,148,148,True,3,0,1000000,2,bank
58,cycle,9693,9693,True,3,0,1000000,2,bank
58,cycle,5742,5742,True,3,0,1000000,2,bank
58,cycle,2378,2378,True,3,0,1000000,2,bank
58,cycle,7388,7388,True,3,0,1000000,2,bank
58,cycle,9615,9615,True,3,0,1000000,2,bank
58,cycle,2410,2410,True,3,0,1000000,2,bank
59,cycle,621,621,True,3,0,1000000,2,bank
59,cycle,6343,6343,True,3,0,1000000,2,bank
59,cycle,4827,4827,True,3,0,1000000,2,bank
59,cycle,1923,1923,True,3,0,1000000,2,bank
59,cycle,1168,1168,True,3,0,1000000,2,bank
59,cycle,2884,2884,True,3,0,1000000,2,bank
60,bipartite,11067,11067,True,4,0,1000000,2,bank
60,bipartite,6578,6578,True,4,0,1000000,2,bank
60,bipartite,7859,7859,True,4,0,1000000,2,bank
60,bipartite,6777,6777,True,4,0,1000000,2,bank
60,bipartite,9685,9685,True,4,0,1000000,2,bank
60,bipartite,1451,1451,True,4,0,1000000,2,bank
61,bipartite,7435,7435,True,4,0,1000000,2,bank
61,bipartite,7222,7222,True,4,0,1000000,2,bank
61,bipartite,611,611,True,4,0,1000000,2,bank
61,bipartite,2073,2073,True,4,0,1000000,2,bank
61,bipartite,1728,1728,True,4,0,1000000,2,bank
61,bipartite,8361,8361,True,4,0,1000000,2,bank
61,bipartite,9847,9847,True,4,0,1000000,2,bank
61,bipartite,1344,1344,True,4,0,1000000,2,bank
62,bipartite,11806,11806,True,4,0,1000000,2,bank
62,bipartite,8224,8224,True,4,0,1000000,2,bank
62,bipartite,3530,3530,True,4,0,1000000,2,bank
62,bipartite,2652,2652,True,4,0,1000000,2,bank
62,bipartite,8069,8069,True,4,0,1000000,2,bank
62,bipartite,8553,8553,True,4,0,1000000,2,bank
62,bipartite,11507,11507,True,4,0,1000000,2,bank
63,bipartite,5187,5187,True,4,0,1000000,2,bank
63,bipartite,594,594,True,4,0,1000000,2,bank
63,bipartite,6456,6456,True,4,0,1000000,2,bank
63,bipartite,10899,10899,True,4,0,1000000,2,bank
63,bipartite,3947,3947,True,4,0,1000000,2,bank
63,bipartite,5685,5685,True,4,0,1000000,2,bank
63,bipartite,2477,2477,True,4,0,1000000,2,bank
63,bipartite,4921,4921,True,4,0,1000000,2,bank
63,bipartite,7303,7303,True,4,0,1000000,2,bank
64,bipartite,3340,3340,True,4,0,1000000,2,bank
64,bipartite,10091,10091,True,4,0,1000000,2,bank
64,bipartite,8085,8085,True,4,0,1000000,2,bank
64,bipartite,11635,11635,True,4,0,1000000,2,bank
64,bipartite,7794,7794,True,4,0,1000000,2,bank
64,bipartite,1207,1207,True,4,0,1000000,2,bank
65,bipartite,2428,2428,True,4,0,1000000,2,bank
65,bipartite,9771,9771,True,4,0,1000000,2,bank
65,bipartite,7900,7900,True,4,0,1000000,2,bank
65,bipartite,10854,10854,True,4,0,1000000,2,bank
65,bipartite,1084,1084,True,4,0,1000000,2,bank
65,bipartite,5166,5166,True,4,0,1000000,2,bank
65,bipartite,509,509,True,4,0,1000000,2,bank
65,bipartite,8644,8644,True,4,0,1000000,2,bank
65,bipartite,1070,1070,True,4,0,1000000,2,bank
65,bipartite,5684,5684,True,4,0,1000000,2,bank
66,bipartite,6971,6971,True,4,0,1000000,2,bank
66,bipartite,11781,11781,True,4,0,1000000,2,bank
66,bipartite,10516,10516,True,4,0,1000000,2,bank
66,bipartite,1425,1425,True,4,0,1000000,2,bank
66,bipartite,11394,11394,True,4,0,1000000,2,bank
66,bipartite,6473,6473,True,4,0,1000000,2,bank
66,bipartite,1987,1987,True,4,0,1000000,2,bank
66,bipartite,11502,11502,True,4,0,1000000,2,bank
66,bipartite,8989,8989,True,4,0,1000000,2,bank
66,bipartite,9904,9904,True,4,0,1000000,2,bank
67,bipartite,6213,6213,True,4,0,1000000,2,bank
67,bipartite,6244,6244,True,4,0,1000000,2,bank
67,bipartite,9909,9909,True,4,0,1000000,2,bank
67,bipartite,3996,3996,True,4,0,1000000,2,bank
67,bipartite,7848,7848,True,4,0,1000000,2,bank
68,bipartite,10591,10591,True,4,0,1000000,2,bank
68,bipartite,2761,2761,True,4,0,1000000,2,bank
68,bipartite,3272,3272,True,4,0,1000000,2,bank
68,bipartite,6372,6372,True,4,0,1000000,2,bank
68,bipartite,11926,11926,True,4,0,1000000,2,bank
68,bipartite,425,425,True,4,0,1000000,2,bank
68,bipartite,8722,8722,True,4,0,1000000,2,bank
68,bipartite,4949,4949,True,4,0,1000000,2,bank
69,bipartite,3932,3932,True,4,0,1000000,2,bank
69,bipartite,6102,6102,True,4,0,1000000,2,bank
69,bipartite,6363,6363,True,4,0,1000000,2,bank
69,bipartite,2965,2965,True,4,0,1000000,2,bank
69,bipartite,2259,2259,True,4,0,1000000,2,bank
70,stack,8633,8633,True,5,0,1000000,2,bank
70,stack,2531,2531,True,5,0,1000000,2,bank
70,stack,9806,9806,True,5,0,1000000,2,bank
70,stack,9886,9886,True,5,0,1000000,2,bank
70,stack,7079,7079,True,5,0,1000000,2,bank
70,stack,426,426,True,5,0,1000000,2,bank
70,stack,5572,5572,True,5,0,1000000,2,bank
70,stack,2023,2023,True,5,0,1000000,2,bank
70,stack,9688,9688,True,5,0,1000000,2,bank
70,stack,10199,10199,True,5,0,1000000,2,bank
71,stack,2089,2089,True,5,0,1000000,2,bank
71,stack,9581,9581,True,5,0,1000000,2,bank
71,stack,4390,4390,True,5,0,1000000,2,bank
71,stack,9956,9956,True,5,0,1000000,2,bank
71,stack,841,841,True,5,0,1000000,2,bank
71,stack,9426,9426,True,5,0,1000000,2,bank
71,stack,5297,5297,True,5,0,1000000,2,bank
72,stack,6084,6084,True,5,0,1000000,2,bank
72,stack,11293,11293,True,5,0,1000000,2,bank
72,stack,11613,11613,True,5,0,1000000,2,bank
72,stack,12033,12033,True,5,0,1000000,2,bank
72,stack,11247,11247,True,5,0,1000000,2,bank
72,stack,10267,10267,True,5,0,1000000,2,bank
72,stack,6187,6187,True,5,0,1000000,2,bank
72,stack,5659,5659,True,5,0,1000000,2,bank
72,stack,12021,12021,True,5,0,1000000,2,bank
73,stack,419,419,True,5,0,1000000,2,bank
73,stack,9399,9399,True,5,0,1000000,2,bank
73,stack,3959,3959,True,5,0,1000000,2,bank
73,stack,11279,11279,True,5,0,1000000,2,bank
73,stack,5054,5054,True,5,0,1000000,2,bank
73,stack,7167,7167,True,5,0,1000000,2,bank
73,stack,11645,11645,True,5,0,1000000,2,bank
73,stack,7981,7981,True,5,0,1000000,2,bank
74,stack,11045,11045,True,5,0,1000000,2,bank
74,stack,324,324,True,5,0,1000000,2,bank
74,stack,5443,5443,True,5,0,1000000,2,bank
74,stack,5786,5786,True,5,0,1000000,2,bank
74,stack,10577,10577,True,5,0,1000000,2,bank
74,stack,117,117,True,5,0,1000000,2,bank
74,stack,2066,2066,True,5,0,1000000,2,bank
74,stack,5238,5238,True,5,0,1000000,2,bank
75,stack,7897,7897,True,5,0,1000000,2,bank
75,stack,10975,10975,True,5,0,1000000,2,bank
75,stack,7688,7688,True,5,0,1000000,2,bank
75,stack,10277,10277,True,5,0,1000000,2,bank
75,stack,9756,9756,True,5,0,1000000,2,bank
75,stack,956,956,True,5,0,1000000,2,bank
75,stack,7774,7774,True,5,0,1000000,2,bank
75,stack,7697,7697,True,5,0,1000000,2,bank
76,stack,6906,6906,True,5,0,1000000,2,bank
76,stack,3646,3646,True,5,0,1000000,2,bank
76,stack,4886,4886,True,5,0,1000000,2,bank
76,stack,7672,7672,True,5,0,1000000,2,bank
76,stack,6130,6130,True,5,0,1000000,2,bank
77,stack,4018,4018,True,5,0,1000000,2,bank
77,stack,3954,3954,True,5,0,1000000,2,bank
77,stack,6944,6944,True,5,0,1000000,2,bank
77,stack,8844,8844,True,5,0,1000000,2,bank
77,stack,6740,6740,True,5,0,1000000,2,bank
78,stack,3474,3474,True,5,0,1000000,2,bank
78,stack,8281,8281,True,5,0,1000000,2,bank
78,stack,10294,10294,True,5,0,1000000,2,bank
78,stack,4496,4496,True,5,0,1000000,2,bank
78,stack,5992,5992,True,5,0,1000000,2,bank
78,stack,4353,4353,True,5,0,1000000,2,bank
78,stack,4479,4479,True,5,0,1000000,2,bank
78,stack,5827,5827,True,5,0,1000000,2,bank
78,stack,9075,9075,True,5,0,1000000,2,bank
79,stack,3382,3382,True,5,0,1000000,2,bank
79,stack,1507,1507,True,5,0,1000000,2,bank
79,stack,7581,7581,True,5,0,1000000,2,bank
79,stack,653,653,True,5,0,1000000,2,bank
79,stack,580,580,True,5,0,1000000,2,bank
79,stack,12038,12038,True,5,0,1000000,2,bank
79,stack,11747,11747,True,5,0,1000000,2,bank
80,scatter_gather,5830,5830,True,7,0,1000000,2,bank
80,scatter_gather,9468,9468,True,7,0,1000000,2,bank
80,scatter_gather,10458,10458,True,7,0,1000000,2,bank
80,scatter_gather,490,490,True,7,0,1000000,2,bank
80,scatter_gather,9147,9147,True,7,0,1000000,2,bank
80,scatter_gather,6479,6479,True,7,0,1000000,2,bank
80,scatter_gather,2247,2247,True,7,0,1000000,2,bank
80,scatter_gather,3814,3814,True,7,0,1000000,2,bank
81,scatter_gather,1552,1552,True,7,0,1000000,2,bank
81,scatter_gather,6481,6481,True,7,0,1000000,2,bank
81,scatter_gather,12029,12029,True,7,0,1000000,2,bank
81,scatter_gather,5955,5955,True,7,0,1000000,2,bank
81,scatter_gather,1808,1808,True,7,0,1000000,2,bank
81,scatter_gather,10024,10024,True,7,0,1000000,2,bank
81,scatter_gather,4724,4724,True,7,0,1000000,2,bank
81,scatter_gather,2947,2947,True,7,0,1000000,2,bank
82,scatter_gather,8765,8765,True,7,0,1000000,2,bank
82,scatter_gather,9696,9696,True,7,0,1000000,2,bank
82,scatter_gather,899,899,True,7,0,1000000,2,bank
82,scatter_gather,4500,4500,True,7,0,1000000,2,bank
82,scatter_gather,6875,6875,True,7,0,1000000,2,bank
82,scatter_gather,1561,1561,True,7,0,1000000,2,bank
82,scatter_gather,3906,3906,True,7,0,1000000,2,bank
82,scatter_gather,511,511,True,7,0,1000000,2,bank
82,scatter_gather,1843,1843,True,7,0,1000000,2,bank
83,scatter_gather,7326,7326,True,7,0,1000000,2,bank
83,scatter_gather,7956,7956,True,7,0,1000000,2,bank
83,scatter_gather,3211,3211,True,7,0,1000000,2,bank
83,scatter_gather,4017,4017,True,7,0,1000000,2,bank
83,scatter_gather,11155,11155,True,7,0,1000000,2,bank
83,scatter_gather,1193,1193,True,7,0,1000000,2,bank
83,scatter_gather,9335,9335,True,7,0,1000000,2,bank
83,scatter_gather,7409,7409,True,7,0,1000000,2,bank
83,scatter_gather,7378,7378,True,7,0,1000000,2,bank
84,scatter_gather,10195,10195,True,7,0,1000000,2,bank
84,scatter_gather,7836,7836,True,7,0,1000000,2,bank
84,scatter_gather,2571,2571,True,7,0,1000000,2,bank
84,scatter_gather,3380,3380,True,7,0,1000000,2,bank
84,scatter_gather,10894,10894,True,7,0,1000000,2,bank
84,scatter_gather,794,794,True,7,0,1000000,2,bank
84,scatter_gather,4229,4229,True,7,0,1000000,2,bank
84,scatter_gather,2586,2586,True,7,0,1000000,2,bank
84,scatter_gather,45,45,True,7,0,1000000,2,bank
85,scatter_gather,6273,6273,True,7,0,1000000,2,bank
85,scatter_gather,8484,8484,True,7,0,1000000,2,bank
85,scatter_gather,6546,6546,True,7,0,1000000,2,bank
85,scatter_gather,3169,3169,True,7,0,1000000,2,bank
85,scatter_gather,5129,5129,True,7,0,1000000,2,bank
85,scatter_gather,235,235,True,7,0,1000000,2,bank
86,scatter_gather,3263,3263,True,7,0,1000000,2,bank
86,scatter_gather,1462,1462,True,7,0,1000000,2,bank
86,scatter_gather,2072,2072,True,7,0,1000000,2,bank
86,scatter_gather,9346,9346,True,7,0,1000000,2,bank
86,scatter_gather,3952,3952,True,7,0,1000000,2,bank
86,scatter_gather,11525,11525,True,7,0,1000000,2,bank
86,scatter_gather,8704,8704,True,7,0,1000000,2,bank
86,scatter_gather,10062,10062,True,7,0,1000000,2,bank
86,scatter_gather,299,299,True,7,0,1000000,2,bank
86,scatter_gather,6859,6859,True,7,0,1000000,2,bank
87,scatter_gather,5345,5345,True,7,0,1000000,2,bank
87,scatter_gather,7582,7582,True,7,0,1000000,2,bank
87,scatter_gather,216,216,True,7,0,1000000,2,bank
87,scatter_gather,11422,11422,True,7,0,1000000,2,bank
87,scatter_gather,8982,8982,True,7,0,1000000,2,bank
87,scatter_gather,9716,9716,True,7,0,1000000,2,bank
88,scatter_gather,6012,6012,True,7,0,1000000,2,bank
88,scatter_gather,10419,10419,True,7,0,1000000,2,bank
88,scatter_gather,158,158,True,7,0,1000000,2,bank
88,scatter_gather,10795,10795,True,7,0,1000000,2,bank
88,scatter_gather,9213,9213,True,7,0,1000000,2,bank
88,scatter_gather,9635,9635,True,7,0,1000000,2,bank
88,scatter_gather,769,769,True,7,0,1000000,2,bank
88,scatter_gather,1778,1778,True,7,0,1000000,2,bank
88,scatter_gather,3769,3769,True,7,0,1000000,2,bank
88,scatter_gather,1546,1546,True,7,0,1000000,2,bank
89,scatter_gather,5355,5355,True,7,0,1000000,2,bank
89,scatter_gather,11553,11553,True,7,0,1000000,2,bank
89,scatter_gather,4056,4056,True,7,0,1000000,2,bank
89,scatter_gather,3765,3765,True,7,0,1000000,2,bank
89,scatter_gather,8880,8880,True,7,0,1000000,2,bank
89,scatter_gather,4681,4681,True,7,0,1000000,2,bank
89,scatter_gather,3636,3636,True,7,0,1000000,2,bank
89,scatter_gather,1604,1604,True,7,0,1000000,2,bank
89,scatter_gather,1831,1831,True,7,0,1000000,2,bank
90,gather_scatter,7506,7506,True,8,0,1000000,2,bank
90,gather_scatter,4409,4409,True,8,0,1000000,2,bank
90,gather_scatter,4226,4226,True,8,0,1000000,2,bank
90,gather_scatter,5789,5789,True,8,0,1000000,2,bank
90,gather_scatter,8381,8381,True,8,0,1000000,2,bank
90,gather_scatter,11550,11550,True,8,0,1000000,2,bank
90,gather_scatter,11016,11016,True,8,0,1000000,2,bank
90,gather_scatter,318,318,True,8,0,1000000,2,bank
90,gather_scatter,5580,5580,True,8,0,1000000,2,bank
91,gather_scatter,10003,10003,True,8,0,1000000,2,bank
91,gather_scatter,10774,10774,True,8,0,1000000,2,bank
91,gather_scatter,11081,11081,True,8,0,1000000,2,bank
91,gather_scatter,7263,7263,True,8,0,1000000,2,bank
91,gather_scatter,1767,1767,True,8,0,1000000,2,bank
92,gather_scatter,6388,6388,True,8,0,1000000,2,bank
92,gather_scatter,1100,1100,True,8,0,1000000,2,bank
92,gather_scatter,9005,9005,True,8,0,1000000,2,bank
92,gather_scatter,5991,5991,True,8,0,1000000,2,bank
92,gather_scatter,3124,3124,True,8,0,1000000,2,bank
92,gather_scatter,1760,1760,True,8,0,1000000,2,bank
92,gather_scatter,11589,11589,True,8,0,1000000,2,bank
93,gather_scatter,4611,4611,True,8,0,1000000,2,bank
93,gather_scatter,10168,10168,True,8,0,1000000,2,bank
93,gather_scatter,2701,2701,True,8,0,1000000,2,bank
93,gather_scatter,9518,9518,True,8,0,1000000,2,bank
93,gather_scatter,2407,2407,True,8,0,1000000,2,bank
93,gather_scatter,9731,9731,True,8,0,1000000,2,bank
93,gather_scatter,5305,5305,True,8,0,1000000,2,bank
94,gather_scatter,10984,10984,True,8,0,1000000,2,bank
94,gather_scatter,11665,11665,True,8,0,1000000,2,bank
94,gather_scatter,1002,1002,True,8,0,1000000,2,bank
94,gather_scatter,5997,5997,True,8,0,1000000,2,bank
94,gather_scatter,8890,8890,True,8,0,1000000,2,bank
94,gather_scatter,2706,2706,True,8,0,1000000,2,bank
94,gather_scatter,5423,5423,True,8,0,1000000,2,bank
94,gather_scatter,7069,7069,True,8,0,1000000,2,bank
94,gather_scatter,2310,2310,True,8,0,1000000,2,bank
95,gather_scatter,6577,6577,True,8,0,1000000,2,bank
95,gather_scatter,4559,4559,True,8,0,1000000,2,bank
95,gather_scatter,8706,8706,True,8,0,1000000,2,bank
95,gather_scatter,11750,11750,True,8,0,1000000,2,bank
95,gather_scatter,5725,5725,True,8,0,1000000,2,bank
95,gather_scatter,1010,1010,True,8,0,1000000,2,bank
95,gather_scatter,11954,11954,True,8,0,1000000,2,bank
95,gather_scatter,2061,2061,True,8,0,1000000,2,bank
95,gather_scatter,8261,8261,True,8,0,1000000,2,bank
96,gather_scatter,6662,6662,True,8,0,1000000,2,bank
96,gather_scatter,6118,6118,True,8,0,1000000,2,bank
96,gather_scatter,7869,7869,True,8,0,1000000,2,bank
96,gather_scatter,9929,9929,True,8,0,1000000,2,bank
96,gather_scatter,8766,8766,True,8,0,1000000,2,bank
96,gather_scatter,6533,6533,True,8,0,1000000,2,bank
96,gather_scatter,2237,2237,True,8,0,1000000,2,bank
97,gather_scatter,2161,2161,True,8,0,1000000,2,bank
97,gather_scatter,11276,11276,True,8,0,1000000,2,bank
97,gather_scatter,10940,10940,True,8,0,1000000,2,bank
97,gather_scatter,1766,1766,True,8,0,1000000,2,bank
97,gather_scatter,141,141,True,8,0,1000000,2,bank
97,gather_scatter,7147,7147,True,8,0,1000000,2,bank
97,gather_scatter,5693,5693,True,8,0,1000000,2,bank
97,gather_scatter,6848,6848,True,8,0,1000000,2,bank
97,gather_scatter,9612,9612,True,8,0,1000000,2,bank
98,gather_scatter,6449,6449,True,8,0,1000000,2,bank
98,gather_scatter,8536,8536,True,8,0,1000000,2,bank
98,gather_scatter,9138,9138,True,8,0,1000000,2,bank
98,gather_scatter,9779,9779,True,8,0,1000000,2,bank
98,gather_scatter,7739,7739,True,8,0,1000000,2,bank
99,gather_scatter,8783,8783,True,8,0,1000000,2,bank
99,gather_scatter,1646,1646,True,8,0,1000000,2,bank
99,gather_scatter,9884,9884,True,8,0,1000000,2,bank
99,gather_scatter,1775,1775,True,8,0,1000000,2,bank
99,gather_scatter,8457,8457,True,8,0,1000000,2,bank
99,gather_scatter,10993,10993,True,8,0,1000000,2,bank
99,gather_scatter,835,835,True,8,0,1000000,2,bank
99,gather_scatter,5136,5136,True,8,0,1000000,2,bank
99,gather_scatter,9576,9576,True,8,0,1000000,2,bank
